Date,Children apprehended and placed in CBP custody*,Children in CBP custody,Children transferred out of CBP custody,Children in HHS Care,Children discharged from HHS Care
12/21/2025,6,18,11,"2,484",14
12/18/2025,11,50,6,"2,472",16
12/17/2025,7,31,11,"2,481",10
12/16/2025,8,54,15,"2,468",9
12/15/2025,11,42,9,"2,470",7
12/14/2025,8,35,4,"2,462",8
12/11/2025,7,47,9,"2,437",10
12/10/2025,10,54,5,"2,439",9
12/09/2025,4,30,7,"2,443",8
12/08/2025,9,27,9,"2,440",4
12/07/2025,4,24,13,"2,429",12
12/04/2025,16,39,7,"2,418",13
12/03/2025,4,32,8,"2,419",7
12/02/2025,7,34,6,"2,407",8
12/01/2025,4,26,4,"2,410",9
11/30/2025,4,18,10,"2,415",0
11/27/2025,4,24,8,"2,389",7
11/25/2025,6,47,14,"2,375",11
11/24/2025,9,40,9,"2,371",13
11/23/2025,3,46,22,"2,375",1
11/20/2025,18,57,8,"2,340",9
11/19/2025,7,32,3,"2,340",10
11/18/2025,2,38,8,"2,345",12
11/17/2025,1,35,6,"2,343",8
11/16/2025,5,22,3,"2,340",5
11/13/2025,6,26,16,"2,317",5
11/12/2025,14,48,20,"2,302",7
11/11/2025,11,39,12,"2,294",14
11/09/2025,11,33,5,"2,294",4
11/06/2025,6,33,9,"2,264",19
11/05/2025,8,41,8,"2,272",7
11/04/2025,6,33,6,"2,270",8
11/03/2025,3,28,5,"2,269",12
11/02/2025,5,21,10,"2,277",7
10/30/2025,3,17,14,"2,287",12
10/29/2025,6,25,4,"2,280",17
10/28/2025,6,22,11,"2,286",6
10/27/2025,2,31,8,"2,282",11
10/26/2025,4,35,12,"2,276",10
10/23/2025,4,27,26,"2,266",18
10/22/2025,12,42,13,"2,261",12
10/21/2025,13,39,17,"2,251",9
10/20/2025,10,39,6,"2,243",7
10/19/2025,9,34,17,"2,237",7
10/16/2025,9,33,15,"2,233",9
10/15/2025,8,29,10,"2,225",15
10/14/2025,7,30,16,"2,235",8
10/13/2025,8,24,7,"2,223",6
10/09/2025,11,55,13,"2,192",12
10/08/2025,8,49,15,"2,192",17
10/07/2025,11,45,4,"2,189",10
10/06/2025,5,33,15,"2,187",10
10/05/2025,8,28,13,"2,180",16
10/02/2025,20,51,15,"2,164",16
10/01/2025,4,33,12,"2,163",14
09/30/2025,8,32,12,"2,159",7
09/29/2025,8,35,12,"2,148",13
09/28/2025,11,29,12,"2,146",9
09/25/2025,6,35,12,"2,132",18
09/24/2025,3,38,12,"2,138",17
09/23/2025,11,36,10,"2,145",15
09/22/2025,17,40,14,"2,141",10
09/21/2025,8,35,13,"2,134",5
09/18/2025,20,52,11,"2,096",14
09/17/2025,7,38,5,"2,096",13
09/16/2025,7,28,17,"2,095",12
09/15/2025,9,47,10,"2,086",10
09/14/2025,7,39,13,"2,083",5
09/11/2025,12,38,29,"2,047",6
09/10/2025,10,47,14,"2,025",18
09/09/2025,18,42,11,"2,023",14
09/08/2025,7,25,5,"2,025",6
09/07/2025,4,19,9,"2,026",7
09/04/2025,11,40,2,"2,015",14
09/03/2025,4,29,11,"2,019",10
09/02/2025,6,35,9,"2,020",9
09/01/2025,10,29,17,"2,010",5
08/28/2025,8,33,6,"1,984",17
08/27/2025,5,19,9,"1,988",19
08/26/2025,10,21,20,"1,989",15
08/25/2025,8,30,8,"1,980",11
08/24/2025,4,21,5,"1,981",5
08/21/2025,6,49,8,"1,972",21
08/20/2025,10,38,10,"1,983",10
08/19/2025,5,35,3,"1,980",11
08/18/2025,4,20,6,"1,985",14
08/17/2025,4,14,2,"1,991",3
08/14/2025,3,27,4,"1,994",11
08/13/2025,6,22,12,"1,997",17
08/12/2025,8,38,9,"1,999",9
08/11/2025,6,23,4,"1,999",16
08/10/2025,0,18,8,"2,006",12
08/07/2025,4,18,6,"2,031",17
08/06/2025,4,17,3,"2,036",13
08/05/2025,2,21,10,"2,042",14
08/04/2025,5,22,11,"2,040",14
08/03/2025,5,26,3,"2,049",5
07/31/2025,2,9,6,"2,058",15
07/30/2025,4,15,4,"2,063",16
07/29/2025,2,8,3,"2,072",12
07/28/2025,2,9,3,"2,080",14
07/27/2025,1,12,2,"2,088",4
07/24/2025,6,18,7,"2,096",29
07/23/2025,6,21,5,"2,111",14
07/22/2025,5,13,3,"2,117",16
07/21/2025,4,18,7,"2,121",16
07/17/2025,3,16,2,"2,153",17
07/16/2025,1,9,0,"2,164",11
07/15/2025,0,8,5,"2,171",17
07/14/2025,2,9,1,"2,181",26
07/13/2025,1,13,4,"2,204",10
07/10/2025,2,12,3,"2,252",39
07/09/2025,2,18,0,"2,281",32
07/08/2025,5,16,8,"2,306",20
07/07/2025,3,18,8,"2,317",20
07/06/2025,4,17,2,"2,332",8
07/02/2025,8,20,9,"2,373",38
07/01/2025,7,14,6,"2,391",22
06/30/2025,9,22,8,"2,407",16
06/29/2025,5,17,7,"2,413",20
06/26/2025,3,9,7,"2,447",35
06/25/2025,6,12,2,"2,470",24
06/24/2025,5,20,5,"2,489",16
06/23/2025,3,15,5,"2,495",17
06/22/2025,7,13,5,"2,508",7
06/19/2025,8,19,7,"2,501",18
06/17/2025,7,24,10,"2,523",14
06/10/2025,17,28,7,"2,511",12
06/09/2025,8,21,14,"2,516",9
06/08/2025,10,16,15,"2,507",13
06/05/2025,8,26,5,"2,503",21
06/04/2025,4,16,9,"2,516",16
06/03/2025,5,23,11,"2,519",15
06/02/2025,10,19,5,"2,518",16
06/01/2025,8,24,16,"2,528",12
05/29/2025,13,38,15,"2,506",11
05/28/2025,12,39,12,"2,499",14
05/27/2025,6,24,7,"2,504",11
05/22/2025,18,36,17,"2,473",15
05/21/2025,14,62,13,"2,467",18
05/19/2025,7,27,17,"2,457",6
05/18/2025,13,28,14,"2,437",9
05/15/2025,15,31,14,"2,410",14
05/14/2025,7,30,14,"2,394",11
05/13/2025,18,29,12,"2,394",11
05/12/2025,7,33,14,"2,392",7
05/11/2025,15,20,12,"2,385",3
05/08/2025,15,24,16,"2,361",11
05/07/2025,10,30,15,"2,335",10
05/06/2025,10,33,16,"2,339",16
05/05/2025,15,44,20,"2,331",17
05/04/2025,9,31,10,"2,335",5
05/01/2025,13,32,14,"2,306",16
04/30/2025,7,34,9,"2,309",12
04/29/2025,11,25,11,"2,304",15
04/28/2025,6,26,12,"2,307",8
04/27/2025,9,40,12,"2,301",4
04/24/2025,3,9,7,"2,294",13
04/23/2025,3,23,4,"2,300",11
04/22/2025,7,19,14,"2,305",17
04/21/2025,10,25,5,"2,308",6
04/20/2025,4,15,6,"2,305",4
04/17/2025,7,26,10,"2,288",14
04/16/2025,11,30,5,"2,291",8
04/15/2025,4,19,12,"2,286",7
04/14/2025,5,26,9,"2,282",13
04/13/2025,5,26,10,"2,283",3
04/11/2025,8,22,8,"2,267",9
04/10/2025,18,25,17,"2,265",6
04/09/2025,6,19,10,"2,251",5
04/08/2025,12,34,12,"2,243",9
04/07/2025,12,22,9,"2,237",5
04/06/2025,7,14,7,"2,234",11
04/03/2025,12,26,18,"2,223",8
04/02/2025,5,31,16,"2,208",3
04/01/2025,17,36,7,"2,191",12
03/31/2025,9,25,8,"2,193",5
03/30/2025,9,20,5,"2,188",2
03/27/2025,1,19,13,"2,159",2
03/26/2025,9,21,15,"2,159",2
03/25/2025,12,19,7,"2,145",6
03/24/2025,7,13,11,"2,139",7
03/23/2025,15,29,9,"2,136",2
03/20/2025,9,20,11,"2,124",7
03/19/2025,6,22,14,"2,119",9
03/18/2025,19,34,6,"2,109",8
03/17/2025,5,14,0,"2,111",8
03/16/2025,1,9,8,"2,117",5
03/13/2025,4,20,9,"2,116",6
03/12/2025,6,18,2,"2,113",8
03/11/2025,3,11,7,"2,116",20
03/10/2025,6,28,8,"2,125",23
03/09/2025,12,25,15,"2,137",30
03/06/2025,7,27,6,"2,218",33
03/05/2025,5,20,4,"2,238",40
03/04/2025,4,25,10,"2,272",30
03/03/2025,8,29,18,"2,287",25
03/02/2025,12,24,4,"2,297",31
02/27/2025,10,15,17,"2,391",37
02/26/2025,12,21,1,"2,411",23
02/25/2025,11,7,7,"2,413",23
02/24/2025,20,22,14,"2,413",24
02/23/2025,7,16,8,"2,423",35
02/20/2025,13,25,15,"2,520",32
02/19/2025,12,17,17,"2,528",19
02/18/2025,18,19,11,"2,536",9
02/17/2025,8,17,14,"2,532",15
02/13/2025,15,10,23,"2,703",72
02/12/2025,16,20,20,"2,752",66
02/11/2025,11,22,12,"2,799",50
02/10/2025,16,18,15,"2,834",63
02/09/2025,15,13,23,"2,878",99
02/06/2025,25,32,27,"3,181",145
02/05/2025,26,36,36,"3,290",104
02/04/2025,34,54,29,"3,359",74
02/03/2025,23,45,11,"3,403",102
02/02/2025,20,22,41,"3,483",168
01/30/2025,47,42,47,"3,923",159
01/29/2025,32,50,39,"4,036",99
01/28/2025,32,49,39,"4,096",101
01/27/2025,33,53,34,"4,161",127
01/26/2025,29,51,11,"4,241",182
01/23/2025,91,75,97,"4,621",174
01/22/2025,62,97,52,"4,717",83
01/21/2025,59,64,117,"4,728",54
01/20/2025,84,118,136,"4,638",127
01/19/2025,86,152,168,"4,628",176
01/16/2025,106,196,131,"4,881",159
01/15/2025,113,162,107,"4,903",164
01/14/2025,92,124,93,"4,957",139
01/13/2025,68,107,102,"5,019",181
01/12/2025,74,103,80,"5,092",235
01/09/2025,56,82,68,"5,507",164
01/08/2025,38,80,82,"5,605",184
01/07/2025,65,83,65,"5,703",133
01/06/2025,41,60,71,"5,769",190
01/05/2025,43,73,64,"5,882",185
01/02/2025,35,70,53,"6,292",170
01/01/2025,25,66,94,"6,405",144
12/30/2024,99,156,139,"6,454",177
12/29/2024,107,170,133,"6,465",216
12/26/2024,80,122,152,"6,707",135
12/25/2024,57,162,193,"6,689",107
12/24/2024,161,304,211,"6,622",155
12/23/2024,205,294,177,"6,548",231
12/22/2024,100,255,236,"6,595",268
12/19/2024,269,412,204,"6,600",238
12/18/2024,168,285,210,"6,598",134
12/17/2024,187,310,247,"6,506",151
12/16/2024,133,287,189,"6,454",149
12/15/2024,180,337,219,"6,408",224
12/12/2024,153,253,286,"6,481",194
12/11/2024,209,353,232,"6,402",152
12/10/2024,167,326,213,"6,310",149
12/09/2024,224,315,152,"6,268",174
12/08/2024,132,243,183,"6,286",172
12/05/2024,218,283,208,"6,310",150
12/04/2024,118,245,160,"6,269",115
12/03/2024,81,230,242,"6,192",107
12/02/2024,236,330,222,"6,061",115
12/01/2024,196,306,187,"5,986",149
11/28/2024,113,280,237,"5,963",143
11/27/2024,239,367,224,"5,862",211
11/26/2024,152,272,214,"5,826",112
11/25/2024,170,297,196,"5,715",129
11/24/2024,191,283,192,"5,664",207
11/21/2024,109,214,173,"5,850",210
11/20/2024,155,212,181,"5,879",148
11/19/2024,119,209,152,"5,844",146
11/18/2024,143,203,163,"5,819",138
11/17/2024,105,210,149,"5,816",195
11/14/2024,119,219,210,"6,025",172
11/13/2024,148,245,175,"5,966",151
11/12/2024,142,235,139,"5,975",138
11/11/2024,118,139,168,"5,963",145
11/07/2024,125,232,192,"6,084",177
11/06/2024,156,256,176,"6,086",137
11/05/2024,109,245,159,"6,045",126
11/04/2024,167,209,157,"6,007",132
11/03/2024,84,171,157,"5,990",184
10/31/2024,87,246,173,"6,148",177
10/30/2024,136,276,178,"6,149",160
10/29/2024,166,277,229,"6,106",126
10/28/2024,110,272,193,"6,008",156
10/27/2024,202,313,158,"5,974",192
10/23/2024,134,294,186,"6,077",138
10/22/2024,180,280,146,"6,043",109
10/21/2024,108,220,213,"5,966",154
10/20/2024,147,276,214,"5,918",195
10/17/2024,104,230,206,"6,076",160
10/16/2024,174,285,150,"6,036",129
10/15/2024,113,208,159,"6,013",107
10/14/2024,88,214,160,"5,935",106
10/13/2024,130,227,192,"5,889",210
10/10/2024,84,158,193,"6,075",159
10/09/2024,115,216,169,"6,047",137
10/08/2024,167,239,166,"6,013",123
10/07/2024,99,190,176,"5,968",153
10/03/2024,101,162,178,"6,118",193
10/02/2024,107,215,230,"6,091",173
10/01/2024,184,314,217,"6,040",137
09/30/2024,209,285,184,"5,967",138
09/29/2024,81,213,153,"5,925",177
09/26/2024,91,199,172,"6,090",185
09/25/2024,154,225,220,"6,050",169
09/24/2024,186,259,172,"6,023",143
09/23/2024,92,203,173,"6,002",165
09/22/2024,124,234,161,"5,989",197
09/19/2024,93,196,169,"6,270",188
09/18/2024,116,213,217,"6,245",149
09/17/2024,159,304,139,"6,227",160
09/16/2024,113,209,160,"6,229",164
09/15/2024,98,220,167,"6,234",210
09/13/2024,81,200,212,"6,326",279
09/12/2024,184,280,210,"6,360",220
09/11/2024,93,248,175,"6,410",162
09/10/2024,131,251,180,"6,396",148
09/09/2024,144,275,190,"6,353",141
09/08/2024,123,255,164,"6,312",221
09/05/2024,126,230,175,"6,448",121
09/04/2024,121,231,219,"6,375",114
09/03/2024,131,263,177,"6,272",112
09/02/2024,133,270,198,"6,192",129
08/29/2024,145,295,188,"6,250",169
08/28/2024,170,285,178,"6,227",134
08/27/2024,149,285,222,"6,152",97
08/22/2024,182,307,205,"6,054",171
08/21/2024,134,245,167,"6,028",156
08/20/2024,136,274,245,"5,995",112
08/19/2024,176,254,162,"5,865",158
08/18/2024,86,244,235,"5,821",178
08/15/2024,124,241,156,"5,895",220
08/14/2024,109,226,191,"5,987",178
08/13/2024,162,239,189,"5,981",123
08/12/2024,109,219,155,"5,903",148
08/11/2024,95,211,140,"5,894",249
08/08/2024,119,230,213,"6,084",174
08/07/2024,135,273,207,"6,038",174
08/06/2024,163,283,200,"5,998",143
08/05/2024,172,259,138,"5,950",150
08/04/2024,63,167,143,"5,943",170
08/01/2024,227,298,212,"6,016",169
07/31/2024,140,261,163,"5,963",154
07/30/2024,125,203,208,"5,930",92
07/29/2024,114,210,219,"5,819",163
07/28/2024,152,290,199,"5,743",207
07/25/2024,93,198,208,"5,954",194
07/24/2024,137,272,166,"5,927",177
07/23/2024,120,257,126,"5,965",170
07/22/2024,102,189,155,"6,002",234
07/21/2024,90,196,205,"6,058",262
07/17/2024,128,228,177,"6,228",187
07/16/2024,136,246,123,"6,239",173
07/15/2024,105,185,158,"6,283",171
07/14/2024,116,188,164,"6,308",237
07/11/2024,80,176,125,"6,640",197
07/10/2024,150,157,201,"6,649",177
07/09/2024,116,181,182,"6,651",130
07/08/2024,141,173,129,"6,617",123
07/07/2024,96,160,233,"6,599",213
07/04/2024,158,226,191,"6,790",225
07/02/2024,141,232,188,"6,823",184
07/01/2024,123,233,159,"6,825",229
06/30/2024,123,230,167,"6,874",273
06/27/2024,174,208,256,"7,248",268
06/26/2024,132,235,197,"7,268",187
06/25/2024,172,263,191,"7,239",202
06/24/2024,116,175,172,"7,239",202
06/23/2024,102,227,201,"7,247",294
06/20/2024,145,247,243,"7,431",235
06/19/2024,204,321,246,"7,433",198
06/18/2024,160,297,253,"7,340",214
06/17/2024,159,310,272,"7,318",224
06/16/2024,204,315,233,"7,307",294
06/13/2024,167,293,230,"7,544",259
06/12/2024,152,266,274,"7,548",212
06/11/2024,186,352,224,"7,493",156
06/10/2024,184,334,229,"7,439",212
06/09/2024,116,289,166,"7,451",312
06/06/2024,179,326,282,"7,741",238
06/05/2024,173,345,291,"7,691",198
06/04/2024,260,356,176,"7,565",203
06/03/2024,109,244,257,"7,596",224
06/02/2024,159,330,322,"7,546",306
05/30/2024,167,406,339,"7,563",190
05/29/2024,182,462,158,"7,491",141
05/28/2024,153,348,239,"7,418",151
05/27/2024,156,344,252,"7,365",167
05/23/2024,193,272,314,"7,494",227
05/22/2024,168,349,272,"7,474",208
05/21/2024,196,348,176,"7,404",145
05/20/2024,111,268,217,"7,368",192
05/19/2024,143,295,278,"7,356",298
05/16/2024,206,340,214,"7,565",234
05/15/2024,115,285,341,"7,589",265
05/14/2024,246,419,218,"7,546",186
05/13/2024,112,331,167,"7,499",157
05/12/2024,138,301,263,"7,464",245
05/09/2024,138,285,268,"7,570",244
05/08/2024,167,374,205,"7,583",202
05/07/2024,176,334,246,"7,566",163
05/06/2024,173,337,211,"7,449",205
05/05/2024,150,315,228,"7,447",332
05/02/2024,206,411,293,"7,577",194
05/01/2024,197,437,295,"7,508",190
04/30/2024,220,443,194,"7,431",135
04/29/2024,140,292,255,"7,373",187
04/28/2024,158,349,365,"7,298",250
04/25/2024,145,357,333,"7,209",217
04/24/2024,253,411,307,"7,128",154
04/23/2024,252,427,307,"6,967",134
04/22/2024,176,424,251,"6,799",214
04/21/2024,208,380,343,"6,745",240
04/18/2024,144,322,258,"6,728",260
04/17/2024,182,371,274,"6,725",227
04/16/2024,219,392,205,"6,685",163
04/15/2024,144,303,176,"6,681",191
04/14/2024,128,245,243,"6,630",290
04/11/2024,183,221,220,"6,912",285
04/10/2024,117,244,142,"6,999",227
04/09/2024,118,231,217,"7,043",130
04/08/2024,102,230,167,"6,988",199
04/07/2024,106,239,233,"6,982",279
04/04/2024,95,226,152,"7,317",225
04/03/2024,124,230,190,"7,346",163
04/02/2024,101,230,175,"7,340",132
04/01/2024,109,235,171,"7,271",172
03/31/2024,105,254,151,"7,257",287
03/28/2024,161,288,248,"7,762",360
03/27/2024,129,287,185,"7,893",215
03/26/2024,187,276,200,"7,919",208
03/25/2024,128,242,224,"7,899",229
03/24/2024,124,264,221,"7,899",373
03/21/2024,132,261,141,"8,292",235
03/20/2024,91,181,174,"8,365",227
03/19/2024,99,202,256,"8,390",197
03/18/2024,123,243,188,"8,333",283
03/17/2024,127,260,259,"8,373",342
03/14/2024,166,301,252,"8,695",310
03/13/2024,165,358,167,"8,819",239
03/12/2024,154,294,290,"8,843",213
03/11/2024,178,336,290,"8,757",253
03/10/2024,190,368,326,"8,714",373
03/07/2024,181,424,328,"8,902",305
03/06/2024,230,457,277,"8,870",232
03/05/2024,246,472,345,"8,800",214
03/04/2024,225,509,340,"8,660",229
03/03/2024,236,468,347,"8,594",354
02/29/2024,262,444,354,"8,724",299
02/28/2024,209,447,274,"8,699",257
02/27/2024,197,369,306,"8,650",206
02/26/2024,199,438,326,"8,404",329
02/25/2024,244,482,366,"8,404",329
02/22/2024,165,400,292,"8,607",293
02/21/2024,232,430,318,"8,573",231
02/20/2024,149,395,273,"8,488",192
02/19/2024,249,420,371,"8,380",218
02/15/2024,333,508,272,"8,463",312
02/14/2024,185,322,272,"8,512",230
02/13/2024,227,369,349,"8,348",160
02/12/2024,213,430,440,"8,092",234
02/11/2024,205,515,226,"8,056",347
02/08/2024,298,499,358,"8,188",315
02/07/2024,227,453,330,"8,160",222
02/06/2024,291,455,323,"8,045",178
02/05/2024,157,466,345,"7,872",242
02/04/2024,253,531,248,"7,813",342
02/01/2024,222,459,289,"8,026",337
01/31/2024,203,477,258,"8,153",266
01/30/2024,93,198,208,"8,182",187
01/29/2024,137,272,166,"8,057",195
01/28/2024,120,257,126,"8,004",307
01/25/2024,102,189,155,"8,180",293
01/24/2024,90,196,205,"8,212",243
01/23/2024,128,228,177,"8,133",202
01/22/2024,136,246,123,"8,008",222
01/21/2024,105,185,158,"7,974",371
01/18/2024,116,188,164,"8,042",359
01/17/2024,80,176,125,"8,072",353
01/16/2024,32,49,39,"8,133",188
01/15/2024,33,53,34,"8,033",234
01/11/2024,29,51,11,"8,829",476
01/10/2024,91,75,97,"9,144",349
01/09/2024,62,97,52,"9,311",286
01/08/2024,59,64,117,"9,670",367
01/07/2024,84,118,136,"9,670",367
01/04/2024,86,152,168,"10,558",362
01/03/2024,106,196,131,"10,718",263
01/02/2024,113,162,107,"10,770",316
01/01/2024,92,124,93,"10,870",290
12/28/2023,68,107,102,"11,230",357
12/27/2023,74,103,80,"11,206",335
12/26/2023,56,82,68,"11,217",288
12/25/2023,90,196,205,"11,144",347
12/21/2023,128,228,177,"11,375",497
12/20/2023,136,246,123,"11,516",390
12/19/2023,105,185,158,"11,291",272
12/18/2023,116,188,164,"11,149",364
12/17/2023,80,176,125,"11,092",456
12/14/2023,150,157,201,"11,242",396
12/13/2023,116,181,182,"11,192",335
12/12/2023,141,173,129,"11,077",259
12/11/2023,96,160,233,"10,998",304
12/10/2023,158,226,191,"10,871",411
12/07/2023,141,232,188,"10,897",466
12/06/2023,123,233,159,"10,832",376
12/05/2023,123,230,167,"10,761",261
12/04/2023,174,208,256,"10,635",273
12/03/2023,132,235,197,"10,579",417
11/30/2023,92,124,93,"10,536",320
11/29/2023,68,107,102,"10,398",284
11/28/2023,74,103,80,"10,223",223
11/27/2023,56,82,68,"10,123",214
11/26/2023,90,196,205,"9,845",312
11/23/2023,128,228,177,"9,838",283
11/21/2023,136,246,123,"9,804",250
11/20/2023,105,185,158,"9,638",298
11/19/2023,116,188,164,"9,573",435
11/16/2023,80,176,125,"9,762",374
11/15/2023,150,157,201,"9,762",316
11/14/2023,116,181,182,"9,665",247
11/13/2023,141,173,129,"9,510",287
11/12/2023,96,160,233,"9,477",313
11/08/2023,158,226,191,"9,634",310
11/07/2023,141,232,188,"9,483",231
11/06/2023,123,233,159,"9,286",316
11/05/2023,123,230,167,"9,273",370
11/02/2023,174,208,256,"9,442",330
11/01/2023,132,235,197,"9,250",279
10/31/2023,33,53,34,"9,072",295
10/30/2023,29,51,11,"9,026",278
10/29/2023,91,75,97,"8,925",418
10/26/2023,62,97,52,"9,235",390
10/25/2023,59,64,117,"9,351",293
10/24/2023,84,118,136,"9,396",300
10/23/2023,86,152,168,"9,436",327
10/22/2023,106,196,131,"9,506",454
10/19/2023,113,162,107,"10,319",406
10/18/2023,92,124,93,"10,511",393
10/17/2023,68,107,102,"10,630",315
10/16/2023,74,103,80,"10,629",331
10/15/2023,56,82,68,"10,571",434
10/12/2023,38,80,82,"10,992",398
10/11/2023,65,83,65,"10,960",266
10/10/2023,41,60,71,"10,910",257
10/09/2023,43,73,64,"10,815",282
10/05/2023,35,70,53,"11,130",427
10/04/2023,25,66,94,"10,963",330
10/03/2023,99,156,139,"10,818",287
10/02/2023,107,170,133,"10,724",284
10/01/2023,80,122,152,"10,598",493
09/28/2023,57,162,193,"10,984",447
09/27/2023,161,304,211,"11,017",331
09/26/2023,205,294,177,"10,978",332
09/25/2023,100,255,236,"10,842",284
09/24/2023,269,412,204,"10,744",403
09/21/2023,168,285,210,"11,067",428
09/20/2023,187,310,247,"11,064",364
09/19/2023,133,287,189,"11,095",260
09/18/2023,180,337,219,"10,892",313
09/17/2023,153,253,286,"10,799",427
09/14/2023,209,353,232,"10,837",414
09/13/2023,167,326,213,"10,678",343
09/12/2023,224,315,152,"10,649",316
09/11/2023,132,243,183,"10,492",277
09/10/2023,218,283,208,"10,282",382
09/07/2023,118,245,160,"10,419",398
09/06/2023,81,230,242,"10,356",291
09/05/2023,236,330,222,"10,142",243
09/04/2023,196,306,187,"9,988",293
08/31/2023,113,280,237,"10,140",505
08/30/2023,239,367,224,"10,280",366
08/29/2023,152,272,214,"10,180",286
08/28/2023,170,297,196,"10,012",388
08/27/2023,191,283,192,"9,873",488
08/24/2023,109,214,173,"10,026",443
08/23/2023,155,212,181,"10,071",285
08/22/2023,119,209,152,"9,921",230
08/21/2023,143,203,163,"9,668",281
08/20/2023,105,210,149,"9,483",390
08/17/2023,119,219,210,"9,694",407
08/16/2023,148,245,175,"9,634",288
08/10/2023,142,235,139,"8,914",353
08/09/2023,118,139,168,"8,888",251
08/08/2023,125,232,192,"8,725",207
08/07/2023,156,256,176,"8,493",202
08/06/2023,109,245,159,"8,298",322
08/03/2023,167,209,157,"8,294",339
08/02/2023,84,171,157,"8,261",271
08/01/2023,87,246,173,"8,103",168
07/31/2023,136,276,178,"7,800",220
07/30/2023,166,277,229,"7,671",305
07/27/2023,110,272,193,"7,754",259
07/26/2023,202,313,158,"7,647",215
07/25/2023,134,294,186,"7,510",136
07/24/2023,180,280,146,"7,220",187
07/23/2023,108,220,213,"7,052",276
07/20/2023,147,276,214,"7,116",281
07/19/2023,104,230,206,"7,001",226
07/18/2023,174,285,150,"6,874",181
07/17/2023,113,208,159,"6,632",160
07/16/2023,88,214,160,"6,468",218
07/13/2023,130,227,192,"6,604",226
07/12/2023,84,158,193,"6,521",210
07/11/2023,115,216,169,"6,498",143
07/10/2023,167,239,166,"6,346",163
07/09/2023,99,190,176,"6,214",196
07/06/2023,101,162,178,"6,239",205
07/05/2023,107,215,230,"6,193",167
07/04/2023,184,314,217,"6,127",124
07/02/2023,209,285,184,"5,903",309
06/29/2023,81,213,153,"6,058",213
06/28/2023,91,199,172,"5,999",174
06/27/2023,154,225,220,"5,917",155
06/26/2023,186,259,172,"5,819",174
06/25/2023,92,203,173,"5,766",263
06/22/2023,124,234,161,"5,956",207
06/21/2023,93,196,169,"5,922",149
06/20/2023,33,53,34,"5,904",134
06/19/2023,29,51,11,"5,679",142
06/15/2023,91,75,97,"6,038",272
06/14/2023,62,97,52,"6,065",167
06/13/2023,59,64,117,"6,061",146
06/12/2023,84,118,136,"6,021",177
06/11/2023,86,152,168,"6,007",238
06/08/2023,106,196,131,"6,446",255
06/07/2023,113,162,107,"6,483",208
06/06/2023,92,124,93,"6,508",187
06/05/2023,68,107,102,"6,523",189
06/04/2023,74,103,80,"6,555",292
06/01/2023,56,82,68,"7,002",287
05/31/2023,38,80,82,"7,053",210
05/30/2023,65,83,65,"7,046",168
05/29/2023,41,60,71,"6,996",207
05/25/2023,43,73,64,"7,546",408
05/24/2023,35,70,53,"7,709",276
05/23/2023,25,66,94,"7,788",246
05/22/2023,99,156,139,"7,848",240
05/21/2023,107,170,133,"7,826",343
05/18/2023,80,122,152,"8,474",351
05/17/2023,57,162,193,"8,569",307
05/16/2023,161,304,211,"8,572",272
05/15/2023,205,294,177,"8,571",277
05/14/2023,100,255,236,"8,445",288
05/11/2023,269,412,204,"8,672",392
05/10/2023,168,285,210,"8,681",304
05/09/2023,187,310,247,"8,606",250
05/08/2023,133,287,189,"8,590",261
05/07/2023,180,337,219,"8,485",375
05/04/2023,153,253,286,"8,790",332
05/03/2023,209,353,232,"8,704",267
05/02/2023,167,326,213,"8,654",245
05/01/2023,224,315,152,"8,492",237
04/30/2023,132,243,183,"8,352",293
04/27/2023,218,283,208,"8,159",310
04/26/2023,118,245,160,"8,117",256
04/25/2023,81,230,242,"8,017",202
04/24/2023,236,330,222,"7,796",213
04/23/2023,196,306,187,"7,534",266
04/20/2023,113,280,237,"7,490",320
04/19/2023,239,367,224,"7,356",229
04/18/2023,152,272,214,"7,376",234
04/17/2023,170,297,196,"7,344",248
04/16/2023,191,283,192,"7,380",272
04/13/2023,109,214,173,"7,795",370
04/12/2023,155,212,181,"7,876",283
04/11/2023,119,209,152,"7,922",187
04/10/2023,143,203,163,"7,826",265
04/09/2023,105,210,149,"7,900",329
04/06/2023,119,219,210,"8,178",284
04/05/2023,148,245,175,"8,175",260
04/04/2023,142,235,139,"8,068",259
04/03/2023,118,139,168,"8,054",284
04/02/2023,125,232,192,"7,981",304
03/30/2023,156,256,176,"8,158",359
03/29/2023,109,245,159,"8,208",267
03/28/2023,167,209,157,"8,079",223
03/27/2023,84,171,157,"7,994",235
03/26/2023,87,246,173,"7,847",352
03/23/2023,136,276,178,"8,102",331
03/22/2023,166,277,229,"8,097",246
03/21/2023,110,272,193,"8,050",221
03/20/2023,202,313,158,"7,931",279
03/19/2023,134,294,186,"7,885",306
03/16/2023,180,280,146,"7,989",308
03/15/2023,108,220,213,"7,915",286
03/14/2023,147,276,214,"7,810",181
03/13/2023,104,230,206,"7,567",249
03/09/2023,174,285,150,"7,786",340
03/08/2023,113,208,159,"7,885",291
03/07/2023,88,214,160,"7,859",259
03/02/2023,130,227,192,"7,870",335
03/01/2023,84,158,193,"7,930",307
02/28/2023,115,216,169,"7,896",200
02/27/2023,167,239,166,"7,800",248
02/26/2023,99,190,176,"7,609",323
02/23/2023,101,162,178,"7,914",386
02/22/2023,107,215,230,"7,978",232
02/21/2023,184,314,217,"7,967",213
02/20/2023,209,285,184,"7,817",209
02/16/2023,81,213,153,"7,793",361
02/15/2023,91,199,172,"7,869",290
02/14/2023,154,225,220,"7,794",223
02/13/2023,186,259,172,"7,483",244
02/12/2023,92,203,173,"7,434",317
02/09/2023,124,234,161,"7,908",353
02/08/2023,93,196,169,"7,915",317
02/07/2023,16,20,20,"7,855",200
02/06/2023,11,22,12,"7,720",196
02/05/2023,16,18,15,"7,586",342
02/02/2023,15,13,23,"7,879",298
02/01/2023,25,32,27,"7,903",231
01/31/2023,26,36,36,"7,803",158
01/30/2023,34,54,29,"7,743",196
01/29/2023,23,45,11,"7,472",303
01/25/2023,20,22,41,"7,538",180
01/24/2023,47,42,47,"7,433",175
01/23/2023,32,50,39,"7,280",181
01/22/2023,32,49,39,"7,122",227
01/12/2023,33,53,34,"6,566",436
